Date,Open,High,Low,Close,Volume
2023-12-18,1654.5769767994457,1667.8135926138414,1646.0677237759057,1652.40234375,9284.0
2023-12-19,1652.4023522716109,1664.0317109627417,1626.2128084408612,1639.2603759765625,8972.0
2023-12-20,1639.2603317255032,1657.8860945490833,1579.8372904107905,1596.0994873046875,31233.0
2023-12-21,1562.0152235733149,1642.1913443812057,1562.0152235733149,1635.19482421875,9209.0
2023-12-22,1626.2600548191754,1642.285767873709,1608.2960769322437,1629.1436767578125,7425.0
2023-12-26,1629.143703649111,1651.7405203416477,1597.8485857912906,1610.2342529296875,6892.0
2023-12-27,1618.3181694444143,1635.620248461302,1602.576027857851,1609.1943359375,8002.0
2023-12-28,1614.8670752981939,1625.2199532979503,1597.8485698208126,1605.128662109375,7304.0
2023-12-29,1613.1653452201558,1621.5800746582372,1596.1468379848113,1605.743408203125,7078.0
2024-01-01,1622.1945050400739,1636.4711172631526,1601.6777971568429,1609.808837890625,8040.0
2024-01-02,1617.8925681779676,1673.4390800367144,1599.7395415319095,1656.893310546875,17352.0
2024-01-03,1671.5955289909639,1697.1232887662784,1635.9039389347372,1667.5772705078125,16137.0
2024-01-04,1663.7479559844282,1680.9556251869483,1645.1221934086134,1659.5406494140625,7669.0
2024-01-05,1675.424653179128,1688.4721049242949,1626.2127615265822,1667.05712890625,10313.0
2024-01-08,1683.555686460591,1683.555686460591,1628.1510191921757,1649.944091796875,8528.0
2024-01-09,1649.849604727049,1739.5276532822518,1635.2420999511348,1647.296875,65403.0
2024-01-10,1647.0131323423238,1676.3701002985767,1615.5761710045615,1657.413330078125,14166.0
2024-01-11,1656.4679997967846,1662.0935156167416,1628.1038217180726,1635.6676025390625,8780.0
2024-01-12,1635.6674884448512,1667.7662348992594,1586.975652806175,1596.52490234375,29388.0
2024-01-15,1620.4925813893308,1629.9946263921279,1578.9391102522354,1616.0015869140625,17742.0
2024-01-16,1618.64906735481,1625.220055662355,1578.9392187397973,1581.91748046875,12147.0
2024-01-17,1581.9174793872967,1614.8671759065444,1571.4699611526928,1597.32861328125,5332.0
2024-01-18,1597.3284726102097,1597.9430528194391,1525.283514111193,1549.109375,16317.0
2024-01-19,1560.0769730552838,1640.347497428283,1560.0769730552838,1612.73974609375,15870.0
2024-01-23,1615.9071332210021,1664.0317097271884,1380.4372608174601,1410.6923828125,113528.0
2024-01-24,1482.5009754162402,1482.5009754162402,1390.8846611868364,1439.8128662109375,52086.0
2024-01-25,1460.4242387456422,1494.0830393947913,1426.0090138694472,1434.470947265625,19275.0
2024-01-29,1441.8456755501898,1443.831144873039,1362.2841353542167,1374.38623046875,44143.0
2024-01-30,1385.2118658743766,1422.888925430922,1385.2118658743766,1410.8814697265625,15546.0
2024-01-31,1404.0267971547269,1424.8271941496116,1389.8447082945781,1397.31396484375,14507.0
2024-02-01,1404.310563688214,1448.4640899781582,1380.7682717800228,1441.231201171875,23293.0
2024-02-02,1448.4639535849008,1486.2355359738942,1410.5032074365176,1463.9697265625,21621.0
2024-02-05,1475.6936518836935,1475.6936518836935,1394.9029505179617,1408.470458984375,18998.0
2024-02-06,1408.80134813908,1447.423876773053,1399.2993033258463,1435.747314453125,11610.0
2024-02-07,1442.932872907714,1456.0276438949838,1408.6594949264197,1419.0596923828125,12215.0
2024-02-08,1418.2087904914574,1446.4784421314125,1408.7540652215143,1421.5179443359375,9778.0
2024-02-09,1436.3617728826198,1436.5981410071342,1362.0949774087126,1406.626708984375,31521.0
2024-02-12,1428.6090048699868,1431.8236345819046,1356.7530919844019,1385.779052734375,16145.0
2024-02-13,1392.6811947908516,1392.7285145883743,1348.2439808362217,1378.168212890625,6520.0
2024-02-14,1344.650978221308,1415.3250494299461,1338.836414526748,1405.255859375,7377.0
2024-02-15,1412.2996663534946,1452.1513586827143,1406.1067747889356,1434.3292236328125,8186.0
2024-02-16,1434.3291582159236,1457.9186518450415,1429.6489999099676,1440.3328857421875,7423.0
2024-02-19,1440.3329436394672,1446.7148835198382,1399.2994108072917,1418.2088623046875,8292.0
2024-02-20,1414.6632927035116,1425.2998588140642,1391.1683230888054,1416.7432861328125,12850.0
2024-02-21,1416.743237037947,1452.7658320153525,1408.9904086183458,1440.001953125,15001.0
2024-02-22,1455.0349367227386,1463.4024611334228,1418.303351185912,1447.5657958984375,8484.0
2024-02-23,1454.8458367163005,1460.660515783402,1429.6017666575315,1445.249267578125,8776.0
2024-02-26,1446.572920714194,1470.6351496022548,1409.69949332344,1419.2015380859375,13907.0
2024-02-27,1430.405377236205,1455.8858151041552,1411.8268194127402,1424.5906982421875,8721.0
2024-02-28,1431.7292599725065,1449.1258641571067,1400.244975003596,1408.1396484375,9143.0
2024-02-29,1413.38700172685,1423.8344046263499,1361.4805333115212,1399.724853515625,17844.0
2024-03-01,1474.937147193086,1550.5749496132441,1474.937147193086,1535.02197265625,146942.0
2024-03-04,1573.786449533994,1649.8496734118853,1553.364149210883,1614.8671875,61910.0
2024-03-05,1625.1253673280507,1626.3545277314365,1561.9678742066567,1568.586181640625,23852.0
2024-03-06,1555.3497095888658,1581.5865736112323,1496.4940416468003,1548.1168212890625,30452.0
2024-03-07,1555.869580099654,1564.0006208156674,1512.7560555979385,1523.43994140625,6809.0
2024-03-11,1528.8291963952531,1529.1128843413146,1452.293235481009,1476.213623046875,18654.0
2024-03-12,1479.6645815389782,1512.4724337627197,1435.3692144332417,1491.4356689453125,12597.0
2024-03-13,1491.4355330780706,1495.7374790729116,1414.8995811836994,1429.3653564453125,27012.0
2024-03-14,1409.0849871946143,1460.9914531024353,1408.6595707141594,1431.02001953125,19238.0
2024-03-15,1431.4455330542914,1445.3439342703396,1404.9249801500812,1423.5035400390625,14138.0
2024-03-18,1423.5034861413565,1472.951747990076,1404.026774175021,1460.89697265625,14222.0
2024-03-19,1472.809924656729,1472.809924656729,1429.5545537351786,1440.28564453125,14892.0
2024-03-20,1446.5731002965372,1516.6799177499452,1446.5731002965372,1511.7161865234375,17389.0
2024-03-21,1511.716125162423,1554.3569152660307,1508.0287590324324,1519.705322265625,17345.0
2024-03-22,1522.4472310745384,1542.963940017916,1498.9994647842777,1523.6763916015625,13061.0
2024-03-26,1531.334760307264,1542.0185317222797,1489.1193845142388,1504.1051025390625,10842.0
2024-03-27,1504.1050343690201,1504.1050343690201,1437.6855854668659,1466.144287109375,8488.0
2024-03-28,1473.5189774627304,1486.2828569595204,1439.907381955532,1449.693115234375,11835.0
2024-04-01,1449.6931342631538,1473.0935803144243,1429.5545224048924,1457.77685546875,17780.0
2024-04-02,1465.1043181209811,1479.1445631504903,1456.1223284194864,1461.0860595703125,10122.0
2024-04-03,1475.8826773388926,1514.5525284186187,1461.2751723419021,1500.3231201171875,16280.0
2024-04-04,1507.8397224920734,1558.9897661820453,1506.8942499084726,1537.8111572265625,25823.0
2024-04-05,1559.0842014166926,1559.0842014166926,1512.756047463134,1520.603515625,8790.0
2024-04-08,1520.6035360105773,1536.3928813019986,1505.712343468727,1527.694580078125,21146.0
2024-04-09,1535.3528538840092,1554.8768845757047,1523.3926033797695,1533.036376953125,9809.0
2024-04-10,1536.392929658752,1552.8441754960786,1522.2108410772867,1530.294677734375,9639.0
2024-04-12,1522.210725828791,1548.4475877180762,1521.501621453405,1532.421875,9184.0
2024-04-15,1522.2107879673365,1538.9456057439347,1486.3773556522362,1527.26904296875,14750.0
2024-04-16,1522.2108338904056,1540.3638610233218,1517.1525787363912,1529.1600341796875,9670.0
2024-04-18,1531.6181427768443,1578.8445637878287,1522.1634176992648,1523.392578125,16578.0
2024-04-19,1522.210729168593,1549.6294317436793,1490.584720122634,1535.4000244140625,17133.0
2024-04-22,1543.0585580254838,1571.2808912301582,1522.2108416374056,1531.42919921875,8641.0
2024-04-23,1546.651209955232,1552.8913055495782,1527.8836033802004,1534.0291748046875,9262.0
2024-04-24,1541.7348665178063,1619.4526654632168,1528.12003845202,1558.564208984375,13968.0
2024-04-25,1543.956710563671,1600.6850649015892,1543.956710563671,1589.5284423828125,14521.0
2024-04-26,1597.5177222265897,1605.4597147544532,1569.5317577411884,1591.4666748046875,10525.0
2024-04-29,1592.3177095485512,1593.074018383478,1543.9567627577871,1549.2987060546875,6222.0
2024-04-30,1549.298499483857,1567.546049064628,1517.6251714641855,1547.7857666015625,8834.0
2024-05-02,1555.5386665532747,1577.0481664250797,1541.1202105952516,1559.320556640625,7856.0
2024-05-03,1567.0735545263803,1589.3394809878503,1545.6113721266438,1562.34619140625,5989.0
2024-05-06,1574.2117067159581,1574.2117067159581,1527.8362345957037,1559.4150390625,4997.0
2024-05-07,1543.8148850496002,1563.9061774511156,1522.2108595971508,1537.8111572265625,7684.0
2024-05-08,1526.9854982961035,1548.5895231258378,1520.7452870928998,1522.778076171875,6190.0
2024-05-09,1530.436461251097,1537.7638739480017,1522.1635759481399,1522.305419921875,4194.0
2024-05-10,1522.2109132102578,1548.6841464834797,1514.6471322750515,1543.1058349609375,5044.0
2024-05-13,1550.8586025846046,1550.8586025846046,1490.584730139498,1538.945556640625,5584.0
2024-05-14,1546.6512564349703,1548.6840455115998,1525.709016253193,1535.920166015625,2751.0
2024-05-15,1538.142050887779,1544.3821468621525,1522.2108609230572,1522.96728515625,4458.0
2024-05-16,1563.8116597413573,1563.8116597413573,1534.5493293235797,1554.9241943359375,6824.0
2024-05-17,1555.3023550976998,1583.6665317864115,1551.9932011506833,1565.8916015625,5910.0
2024-05-21,1597.943110067529,1597.943110067529,1526.9381456942326,1540.12744140625,11112.0
2024-05-22,1522.2108139845307,1547.644048804117,1503.4432068452493,1522.63623046875,74466.0
2024-05-23,1537.905646246204,1544.9021662877385,1498.4794865769736,1510.7706298828125,30421.0
2024-05-24,1518.3344459174257,1529.2545850155047,1455.1768311327105,1465.29345703125,18728.0
2024-05-27,1465.4825252669445,1553.789688904567,1448.0386020189374,1545.0440673828125,30960.0
2024-05-28,1543.9567674371215,1545.044084018144,1501.4105001164414,1522.447265625,21070.0
2024-05-29,1522.447231896498,1593.2631516842139,1517.4835008190526,1568.0662841796875,46040.0
2024-05-30,1568.538989975289,1582.7210784922447,1523.2036265150737,1570.713623046875,16894.0
2024-05-31,1570.7135926845986,1659.1152760647956,1551.5677735568017,1645.73681640625,69098.0
2024-06-03,1665.922641915895,1795.4523819513533,1620.0199032048304,1677.9774169921875,83859.0
2024-06-04,1673.4865495127156,1758.5317661316185,1474.889978078616,1678.9703369140625,88740.0
2024-06-05,1687.6685386616664,1856.9081288131724,1628.3401348515715,1845.0897216796875,116746.0
2024-06-06,1871.9411299262877,1950.5098759624532,1848.9188963539095,1874.4466552734375,86409.0
2024-06-07,1874.1157435387722,1974.1467908903455,1862.581023972213,1879.6468505859375,53961.0
2024-06-10,1886.1703861649798,1967.9064405908136,1876.762980614202,1945.6407470703125,71868.0
2024-06-11,1945.6407591195848,1965.0229461930644,1899.0761211020972,1936.6114501953125,29357.0
2024-06-12,1936.5641281544385,1976.0376066606989,1909.8545289256515,1922.618408203125,19322.0
2024-06-13,1942.0952248493013,1961.85550848296,1938.2660149201051,1948.335205078125,19158.0
2024-06-14,1948.4299753432506,2003.4564343591453,1922.7130514394748,1937.8878173828125,27120.0
2024-06-18,1953.393586976781,1994.947058934432,1897.7524356794636,1922.1929931640625,23554.0
2024-06-19,1924.0839504714675,1961.8555325100454,1897.8470873258511,1926.4476318359375,19405.0
2024-06-20,1926.447574552754,1938.218661232148,1895.672397936808,1907.159912109375,9589.0
2024-06-21,1907.1599684097607,1952.2117582897154,1888.6759339779207,1912.596435546875,14049.0
2024-06-24,1913.069083813182,1917.9382902817738,1880.5448066584365,1883.806640625,5416.0
2024-06-25,1890.9450782983815,1908.3417961015523,1814.1254344925096,1823.249267578125,15283.0
2024-06-26,1861.6828040856042,1914.7237920077341,1837.8096217705393,1871.0902099609375,17492.0
2024-06-27,1876.7156134745524,1895.6723834749519,1854.1661171828748,1874.6356201171875,7492.0
2024-06-28,1879.3158109071521,1882.4832363979874,1840.2678623978688,1854.449951171875,9247.0
2024-07-01,1854.402587225791,2010.9255006864623,1848.3988595372302,1998.16162109375,69345.0
2024-07-02,2010.9254913593604,2023.2166346138522,1961.8555579285014,1993.05615234375,39671.0
2024-07-03,2013.0057015199848,2013.903854278164,1956.7027649183806,1972.114013671875,12173.0
2024-07-04,1981.994140625,2012.9110466555135,1966.5828919884773,1981.994140625,15704.0
2024-07-05,1991.9216564111675,1998.2089566696343,1961.8555825229937,1972.3031005859375,9617.0
2024-07-08,1976.0376989606314,1992.6307889620546,1942.2843739048042,1953.3936767578125,21385.0
2024-07-09,1953.3935008696405,1985.49224601456,1929.3784763350207,1979.4884033203125,22317.0
2024-07-10,1982.655963612028,2010.0746679252131,1882.483191778303,1941.1968994140625,23423.0
2024-07-11,1960.8627636733158,1975.0921718236236,1939.8733190709047,1965.7791748046875,10624.0
2024-07-12,1966.535666484846,1988.3288558398042,1928.7640826976703,1945.4989013671875,15295.0
2024-07-15,1945.7825505076055,2044.1116978607597,1926.16399466551,1975.7066650390625,45127.0
2024-07-16,1985.5869726726926,1985.5869726726926,1942.426012744576,1950.32080078125,9463.0
2024-07-18,1970.6485376666108,2003.4563899105353,1939.2588942876532,1977.266845703125,34206.0
2024-07-19,1986.3904442718103,1994.947016741494,1919.9709997570758,1952.1170654296875,17956.0
2024-07-22,1952.1172710144656,1960.5792047920281,1909.8073712983758,1951.92822265625,11650.0
2024-07-23,1953.3935703342818,1957.6955165192776,1872.082932606007,1903.803466796875,16640.0
2024-07-24,1900.3999125804985,1994.9471719128617,1897.7998629488586,1933.349609375,18925.0
2024-07-25,1928.7641105474938,2008.1838092170965,1919.3093845153983,1985.3978271484375,49727.0
2024-07-26,1995.3252039535064,2052.0064687489225,1933.0659741978318,1968.8992919921875,34620.0
2024-07-29,1983.3649654443914,2064.9119697440356,1975.612136998365,1987.005126953125,74255.0
2024-07-30,2004.685504538629,2028.0386304815524,1971.262957387967,2020.191162109375,32933.0
2024-07-31,2039.3843117448819,2039.3843117448819,1990.692474909063,2007.75830078125,22612.0
2024-08-01,2018.8183475807668,2027.4634794638928,1941.5430041326993,1999.49951171875,24789.0
2024-08-02,1969.5068891001215,1983.6580772696589,1951.2023400553212,1971.052490234375,15632.0
2024-08-05,1902.905273363914,1966.6574297304207,1834.3234081817627,1862.142578125,31636.0
2024-08-06,1862.1425907247165,1916.8630976459701,1835.2893623629125,1847.460205078125,11106.0
2024-08-07,1856.733180846896,1875.9554452147247,1844.0793675306143,1850.696044921875,6931.0
2024-08-08,1837.1728874284893,1962.6005195788614,1823.6980470110907,1906.8173828125,22759.0
2024-08-09,1916.3802324131727,2133.765486826012,1885.5184383360684,2121.304931640625,186378.0
2024-08-12,2136.6630713576,2163.7094393494685,2068.177898165579,2084.357421875,49081.0
2024-08-13,2081.6044706626076,2108.1195245275007,2033.307383176236,2048.762451171875,29448.0
2024-08-14,2059.0497230135575,2066.6324603978524,2004.3292149219649,2047.1204833984375,22332.0
2024-08-16,2067.0670579222265,2221.6660864510436,2053.5922173021386,2174.479736328125,74347.0
2024-08-19,2192.253276643168,2267.403596440928,2192.253276643168,2218.62353515625,48166.0
2024-08-20,2251.7551271641564,2251.7551271641564,2187.8581715826263,2209.060546875,22501.0
2024-08-21,2219.7340186560955,2228.3791496750346,2186.505718625256,2203.168212890625,18023.0
2024-08-22,2209.736569948865,2284.45225931419,2195.440820580676,2260.25537109375,25826.0
2024-08-23,2271.556893628664,2343.8093859702944,2212.296506894382,2314.251708984375,67022.0
2024-08-26,2323.7178274953294,2341.2981571477653,2274.648172068487,2319.41943359375,21981.0
2024-08-27,2319.4193273855576,2356.897915168943,2295.3674716798632,2351.34375,23535.0
2024-08-28,2384.910126967584,2384.910126967584,2342.408690926039,2348.252685546875,17925.0
2024-08-29,2348.2526772764663,2351.5367848105902,2266.099286415833,2297.83056640625,27260.0
2024-08-30,2308.6008401156982,2345.3066275317638,2281.699267376567,2310.43603515625,15240.0
2024-09-02,2310.4360228255805,2332.701027765045,2251.7550603617583,2263.974365234375,15123.0
2024-09-03,2275.3240592714264,2333.5703919876987,2242.095522702102,2309.614990234375,21361.0
2024-09-04,2309.6151382125063,2341.4428726705214,2243.0616081333833,2329.7548828125,16885.0
2024-09-05,2341.443038264092,2367.5234681457464,2313.4307246875,2351.730224609375,32582.0
2024-09-06,2351.8266968396924,2366.5089644058394,2277.7873553704712,2347.624755859375,15238.0
2024-09-09,2356.8978502043688,2358.298418564981,2222.6319480820707,2246.9736328125,22583.0
2024-09-10,2259.3862333589423,2259.3862333589423,2231.3255766690377,2241.854248046875,23794.0
2024-09-11,2236.3000722502225,2264.3123845543214,2200.125598870919,2224.46728515625,27389.0
2024-09-12,2235.6239753337486,2235.6239753337486,2137.9673998230883,2154.48486328125,25247.0
2024-09-13,2154.0502073479447,2165.1585380136407,2078.755091435595,2106.187744140625,25548.0
2024-09-16,2125.071988166437,2125.071988166437,1996.1671004130144,2024.4208984375,31633.0
2024-09-17,2044.898690580095,2070.9791179044514,1999.4994282006596,2018.6251220703125,23524.0
2024-09-18,2021.1848883206192,2051.6120552626253,1980.277394260637,1991.482177734375,20583.0
2024-09-19,2002.2041465476516,2002.2041465476516,1927.1021739854211,1949.4154052734375,19573.0
2024-09-20,1998.0021954003248,1998.0021954003248,1935.6507252562337,1974.7230224609375,30502.0
2024-09-23,2027.4634313259214,2082.5704564790476,1933.9119944678553,2061.995849609375,36626.0
2024-09-24,2062.28568669474,2082.618808194725,2030.98926755946,2046.4443359375,13588.0
2024-09-25,2064.217632453843,2064.217632453843,2005.5366679374317,2040.117431640625,11281.0
2024-09-26,2040.1173984346372,2092.13322217013,2020.7985626942948,2063.637939453125,9407.0
2024-09-27,2063.638016228671,2076.7749193511017,2030.4097118493096,2061.126708984375,11942.0
2024-09-30,2060.353732706706,2088.3660431842,2028.4776552667993,2072.23486328125,10773.0
2024-10-01,2071.4137529616105,2095.1276702533933,1999.5477805943717,2010.7525634765625,9514.0
2024-10-03,2010.7526596786277,2010.7526596786277,1967.7200231070783,1975.0611572265625,7895.0
2024-10-04,1970.714260478746,1973.9502595882332,1927.0537416672478,1953.03759765625,6385.0
2024-10-07,1962.8419490638032,1970.5211386891592,1896.4816811455562,1910.1497802734375,10009.0
2024-10-08,1883.586501488512,1970.5212630956742,1879.77107856088,1915.0279541015625,8996.0
2024-10-09,1888.416255883149,1981.146670494291,1888.416255883149,1956.3702392578125,10446.0
2024-10-10,1965.64307780467,2009.15879993964,1949.4635538147713,1995.6839599609375,7201.0
2024-10-11,1966.6574695325971,2035.1909918484819,1945.7448063550535,2021.0400390625,6014.0
2024-10-14,2021.0399662813302,2038.6200589278556,1980.1805831803383,2003.1700439453125,7347.0
2024-10-15,2010.6077444042055,2032.0999482538302,1959.7026615524662,1997.3743896484375,7610.0
2024-10-16,1990.4198323416465,2028.4778461729195,1980.1807545973738,2016.306884765625,5327.0
2024-10-17,2013.9887102177406,2167.4767722681067,1970.5213279828254,2123.14013671875,40962.0
2024-10-18,2091.3123605757346,2124.1060378235725,2052.433202766549,2105.99462890625,16051.0
2024-10-21,2067.1155731686285,2134.731503132088,2067.1155731686285,2120.677001953125,21279.0
2024-10-22,2120.242276981995,2141.299855645167,1978.248830641971,2005.9713134765625,15400.0
2024-10-23,2015.7274442772498,2114.4466514656096,1970.521319776082,2047.5068359375,14958.0
2024-10-24,2047.458490842247,2068.0814430940623,1993.703922721226,2008.724365234375,8645.0
2024-10-25,1995.2011048197455,2012.9259951115237,1932.8495153188705,1978.248779296875,15448.0
2024-10-28,1988.1011591959402,2051.9499998775914,1943.7161852589873,2028.236083984375,16814.0
2024-10-29,1941.5912864098834,2163.709547478052,1941.5912864098834,2151.490478515625,27010.0
2024-10-30,2173.3206170004264,2251.610243858708,2056.5866967324705,2091.312255859375,25123.0
2024-10-31,2109.9065293613917,2109.9065293613917,2052.626138656353,2072.7177734375,12678.0
2024-11-01,2081.652986141627,2098.9915948102976,2042.9669687178,2084.309326171875,2006.0
2024-11-04,2097.059630100864,2097.059630100864,2018.8183449612188,2045.1402587890625,27024.0
2024-11-05,2014.4716449644877,2043.884525916919,1969.5070065391844,1992.3997802734375,8870.0
2024-11-06,1994.6696989255167,2052.6262034947813,1978.2486892975585,2033.355712890625,14846.0
2024-11-07,2053.9302904967653,2069.723296275984,2028.8158055341162,2036.4949951171875,5139.0
2024-11-08,2036.4466067610663,2046.8304801265028,1995.683913831173,2041.66259765625,6529.0
2024-11-11,2028.1878383968053,2052.6262117536317,1980.1805807505623,2032.2930908203125,6133.0
2024-11-12,2023.5995128566713,2042.9666910647475,1992.7377227737938,2016.596435546875,6173.0
2024-11-13,1994.669781437796,2045.8646959250614,1978.2487711305598,2014.2301025390625,9253.0
2024-11-14,2014.2301431980002,2037.364402197406,1956.0321496108143,1987.715087890625,8426.0
2024-11-18,1993.5590410533464,2018.0455237309607,1956.0321084934787,1969.6036376953125,5960.0
2024-11-19,1946.4211368548063,2052.626394179085,1946.4211368548063,2035.722412109375,6325.0
2024-11-21,2023.6480286367967,2023.6480286367967,1929.0340784725793,1989.98486328125,6871.0
2024-11-22,1986.0246620199252,2000.4654445973047,1973.419074511006,1985.0103759765625,3494.0
2024-11-25,1995.6841183514266,2051.6603989253404,1981.1466469848745,1990.5162353515625,6425.0
2024-11-26,2010.9940121166721,2036.1568415830316,1978.2486814944484,2001.3345947265625,5694.0
2024-11-27,2007.1786994743532,2057.4560169119045,1994.669800433372,2038.330322265625,5554.0
2024-11-28,2044.2227468570863,2084.5024740987787,1997.1814267893092,2026.9805908203125,12465.0
2024-11-29,2034.901229474863,2034.901229474863,2007.7100617230856,2023.4066162109375,3871.0
2024-12-02,2000.6587004589762,2072.9111975672704,2000.6587004589762,2024.8555908203125,8388.0
2024-12-03,2042.8702478630876,2087.3519155577924,2009.158972888625,2028.28466796875,32059.0
2024-12-04,2046.347541403198,2163.612772315504,2038.137036752772,2101.647705078125,43663.0
2024-12-05,2100.9233362217637,2211.0406972926976,2074.263249211182,2176.653076171875,31291.0
2024-12-06,2173.368828628411,2197.372574243729,2100.9232010074643,2107.82958984375,15019.0
2024-12-09,2124.492405537588,2189.7901687734875,2109.230713004183,2132.46142578125,15864.0
2024-12-10,2144.293986661222,2145.259928406792,2028.4776656975935,2048.859130859375,35566.0
2024-12-11,2036.2537051634588,2063.2033876687397,2006.5993383912758,2034.9012451171875,12244.0
2024-12-12,2018.818308168103,2045.5748481495114,1983.078462521108,1993.0277099609375,9671.0
2024-12-13,1991.144239021757,2017.852435666213,1970.5212871034344,1990.5162353515625,7315.0
2024-12-16,1975.3509093399766,2019.3979481523313,1970.5212005151845,2003.84619140625,7620.0
2024-12-17,1985.5899991066692,2033.3074282712396,1985.5899991066692,2024.1309814453125,9001.0
2024-12-18,2018.238708085717,2075.712245342226,2011.9119779389962,2032.341552734375,16882.0
2024-12-19,2032.3414375768568,2047.6998170381823,1987.4734905521311,2029.346923828125,8292.0
2024-12-20,2010.897650927891,2034.1767064018097,1951.2024015759366,1965.6915283203125,13352.0
2024-12-23,1951.202377900332,2008.144598149674,1912.5647070508205,1928.019775390625,63565.0
2024-12-24,1928.0198393818644,1977.2828713500382,1924.5424724725567,1954.6798095703125,6422.0
2024-12-26,1936.9063205719847,1970.3762252846536,1925.1702228176491,1938.3070068359375,5393.0
2024-12-27,1945.889687957284,1978.2003928706752,1925.1702842379796,1966.947265625,5938.0
2024-12-30,1972.839444108508,1977.765723426789,1922.2240730741441,1935.2159423828125,6794.0
2024-12-31,1927.1504522979008,1955.1145380206494,1903.8712786127987,1914.06201171875,6162.0
2025-01-01,1917.3945586133536,2027.5119287301911,1914.1103327641465,2020.9918212890625,8389.0
2025-01-02,2013.9886769470265,2040.02076160143,1973.9986623689679,1997.2294921875,12385.0
2025-01-03,1989.743359099685,2028.4777184343247,1973.4673817590528,1981.4364013671875,5697.0
2025-01-06,1989.3088029032997,1995.5874246350459,1898.8966735487174,1909.0390625,7826.0
2025-01-07,1912.564784732108,1949.270573529997,1900.9734830064588,1935.1678466796875,4786.0
2025-01-08,1955.4042319204239,1968.5410166342722,1871.995182238639,1899.62109375,10224.0
2025-01-09,1883.5864908725785,1922.9486188228643,1840.1191103139804,1861.7078857421875,8319.0
2025-01-10,1883.5864741999285,1926.087912592132,1806.3111316686493,1814.2801513671875,11822.0
2025-01-13,1797.810824398445,1823.8430265606196,1694.4550521776723,1781.0517578125,21476.0
2025-01-14,1764.8721640320962,1941.542935310308,1764.8721640320962,1930.144775390625,27558.0
2025-01-15,1908.7008986583394,1989.7916614336843,1896.4817119340626,1917.6842041015625,18368.0
2025-01-16,1927.7299081427789,1936.713213605425,1873.9269996980172,1897.2545166015625,7161.0
2025-01-17,1894.2117485801843,1929.8550223017617,1878.5635395867164,1913.9652099609375,4504.0
2025-01-20,1932.897865346888,1933.3808362417137,1866.1511933517293,1895.7091064453125,8382.0
2025-01-21,1885.5183529859262,1936.1337257982343,1885.5183529859262,1904.595703125,4569.0
2025-01-22,1887.2570404950798,1962.793638267207,1869.8700889749962,1939.9974365234375,8657.0
2025-01-23,1912.5648162967263,2210.0748988317728,1910.8744181005045,2111.50048828125,173178.0
2025-01-24,2110.582636980267,2438.906129977067,2110.582636980267,2379.694091796875,640925.0
2025-01-27,2279.622477691381,2549.1685640089536,2274.3097981882865,2443.4462890625,168802.0
2025-01-28,2381.094908979306,2445.764666077159,2276.531707911829,2416.49658203125,111633.0
2025-01-29,2407.980439567073,2508.2149769074504,2304.172942334041,2391.241943359375,71084.0
2025-01-30,2354.192531411934,2535.231505609575,2290.5180398171447,2455.50390625,40693.0
2025-01-31,2496.0773090012417,2619.412893681303,2459.859716674557,2571.35107421875,95417.0
2025-02-01,2583.4890477299273,2686.9538532261327,2504.936025244901,2674.669189453125,44909.0
2025-02-03,2672.221980778511,2682.0595096221755,2576.832722292108,2598.85693359375,24353.0
2025-02-04,2604.730293997723,2689.8905854587533,2456.8253703632813,2605.80712890625,45589.0
2025-02-05,2631.599590510499,2725.1291238610256,2611.8757809846697,2702.175048828125,33388.0
2025-02-06,2690.8693656967553,2784.69260741456,2680.7381322608976,2754.6416015625,46580.0
2025-02-07,2748.6216247921225,2775.050678876662,2682.059562653282,2701.2939453125,17191.0
2025-02-10,2672.3690793359287,2728.9956330333507,2601.6468863482883,2676.920654296875,24358.0
2025-02-11,2676.9206882885333,2702.1751665651077,2585.348858652036,2611.826904296875,19422.0
2025-02-12,2625.2861560155347,2688.4222324745215,2432.2072245188665,2629.593017578125,32821.0
2025-02-13,2640.947795449457,2721.2138144364308,2586.621404549737,2606.34521484375,18963.0
2025-02-14,2620.0002894602153,2651.7150583543203,2557.7450895089846,2629.0546875,33899.0
2025-02-17,2610.4566044119733,2721.2138269950497,2505.8169796921616,2680.640380859375,26740.0
2025-02-18,2726.1079620240357,2816.456219835726,2648.9252406498613,2678.046142578125,23957.0
2025-02-19,2653.672971124109,2828.887822408217,2604.094115779334,2794.04052734375,43785.0
2025-02-20,2779.015192895793,2836.6206011157433,2683.234243868389,2774.46337890625,37058.0
2025-02-21,2755.473578516062,2779.5044882486295,2585.0062767010154,2628.02685546875,32046.0
2025-02-24,2592.9348916735726,2612.5609594153225,2491.1830804466076,2549.326904296875,21073.0
2025-02-25,2518.5911506361085,2537.0426427253656,2295.461446085227,2381.01318359375,48548.0
2025-02-27,2359.3314931881528,2466.711713226253,2359.3314931881528,2388.15869140625,24207.0
2025-02-28,2368.826299755436,2447.3303301583446,2254.6430945753623,2314.891357421875,34708.0
2025-03-03,2305.200845957574,2395.010687832991,2178.928697707669,2217.69140625,32127.0
2025-03-04,2249.406288970073,2660.5249318627757,2249.406288970073,2633.459716796875,269685.0
2025-03-05,2628.271640022559,2731.491733155558,2545.020070311575,2691.40771484375,91064.0
2025-03-06,2672.4178676385163,2773.973959312997,2672.4178676385163,2736.728759765625,33200.0
2025-03-07,2716.319486719527,2861.1408688555152,2696.742409337765,2836.278076171875,49329.0
2025-03-10,2836.27804851969,2851.205569877748,2613.5398049846676,2637.66845703125,52226.0
2025-03-11,2571.6939456646987,2613.539950489959,2415.371023387923,2470.67626953125,47246.0
2025-03-12,2495.8816491748503,2559.702873796667,2437.444120845914,2503.908203125,32159.0
2025-03-13,2478.5070419763356,2540.125846606113,2456.874275398625,2469.01220703125,15565.0
2025-03-17,2469.109889189054,2690.8202900798638,2469.109889189054,2636.34716796875,59339.0
2025-03-18,2636.34716796875,2636.34716796875,2636.34716796875,2636.34716796875,0.0
2025-03-19,2882.675630473135,2896.428575017295,2813.2259968231515,2844.402587890625,36962.0
2025-03-20,2840.731917440894,2956.0407123767886,2818.560733853932,2835.39697265625,28182.0
2025-03-21,2838.6761558424005,2868.0417712476665,2739.8119173113373,2772.01611328125,30807.0
2025-03-24,2770.1563851203928,3013.8909928571343,2746.7128832963326,2822.623046875,63903.0
2025-03-25,2825.853156723286,2825.853156723286,2666.789402003308,2678.388916015625,20508.0
2025-03-26,2703.8391952405154,2766.3878640898492,2687.981809797671,2722.535400390625,13762.0
2025-03-27,2765.262262943343,2863.2943852756025,2722.926831838104,2829.52392578125,38122.0
2025-03-28,2858.2532653712738,2887.276186669891,2723.7098503842417,2788.4609375,19961.0
2025-04-01,2783.8603569388097,2887.52088434333,2763.1087030582116,2833.439208984375,21036.0
2025-04-02,2829.8666365812387,2867.9439578572146,2775.0508179549674,2828.349365234375,22954.0
2025-04-03,2828.349357332187,2936.4637229358023,2433.0881041893404,2448.16259765625,128966.0
2025-04-04,2447.1345877193803,2534.7909964470855,2215.3909422623547,2304.0751953125,134900.0
2025-04-07,2153.42959861296,2194.2967491107247,2009.636055686278,2110.4580078125,87753.0
2025-04-08,2161.505057583083,2256.25815954074,2116.380037779065,2179.369140625,36276.0
2025-04-09,2175.992270598084,2195.324635575282,2053.9782247002854,2063.7177734375,43083.0
2025-04-11,2152.98915727504,2281.757435868336,2152.98915727504,2235.80029296875,106254.0
2025-04-15,2291.692594461927,2390.3611107094125,2263.01212875323,2363.14892578125,31449.0
2025-04-16,2349.2492209861502,2403.3798862486374,2316.359636301149,2384.292236328125,25683.0
2025-04-17,2427.5576320431346,2454.9655407920086,2361.289271899492,2445.177001953125,24314.0
2025-04-21,2504.887051607279,2504.887051607279,2312.2485623281655,2322.918212890625,43011.0
2025-04-22,2324.875939853043,2396.7237188645217,2322.9182320982018,2358.744140625,24363.0
2025-04-23,2396.234349237179,2514.675671237873,2384.5860834084774,2448.015625,53467.0
2025-04-24,2474.5425040642303,2496.0772885141564,2387.5224934009516,2416.398681640625,27032.0
2025-04-25,2394.4722781777677,2405.924820609415,2322.9182039909188,2379.887451171875,25595.0
2025-04-28,2390.752510839677,2394.178499261929,2314.891338632671,2360.60400390625,28224.0
2025-04-29,2396.234363317133,2398.0940901484405,2262.2293590970135,2291.007568359375,21132.0
2025-04-30,2333.587749766381,2334.468622704871,2202.4213242342103,2225.913818359375,23407.0
2025-05-02,2203.3022230437728,2260.173732164096,2192.632810761184,2198.995361328125,11365.0
2025-05-05,2192.632747310057,2259.0968318716914,2175.111358000879,2228.850341796875,18962.0
2025-05-06,2232.6677653151814,2235.7023079969213,2110.8984357247637,2129.6923828125,22117.0
2025-05-07,2151.912222227301,2161.798741767718,2093.8663797276363,2137.03369140625,14041.0
2025-05-08,2140.7533943376598,2437.3461142664714,2130.279705818941,2286.504638671875,112678.0
2025-05-09,2192.6328138408044,2341.6143349142067,2169.5317653894913,2236.289794921875,41081.0
2025-05-12,2334.1750986927964,2419.7268337109554,2323.7991517919936,2361.5830078125,27727.0
2025-05-13,2380.572751104344,2407.882680083786,2333.098335632074,2380.866455078125,15657.0
2025-05-14,2393.3957029448106,2465.7329086433065,2368.82637511584,2447.232666015625,24757.0
2025-05-15,2460.153435527201,2593.962709381589,2437.346092966097,2545.313720703125,51924.0
2025-05-16,2569.4914027578675,2584.174210773627,2465.4391888239215,2523.583251953125,40234.0
2025-05-19,2498.3288614903595,2636.249280669989,2498.0351575242034,2548.0546875,55429.0
2025-05-20,2574.385626395863,2613.5397804094882,2462.8942684332615,2476.7939453125,27192.0
2025-05-21,2486.5826146681457,2563.6183689482323,2479.926360339957,2548.0546875,17630.0
2025-05-22,2545.020140250992,2593.962835255819,2527.0093240804167,2567.142333984375,21743.0
2025-05-23,2640.947782941502,2728.848909650425,2586.3276883378458,2607.373046875,46109.0
2025-05-26,2639.088120317327,2639.088120317327,2559.702972686034,2589.949462890625,18131.0
2025-05-27,2589.9494353809537,2602.674536066028,2554.808676003373,2592.298828125,9526.0
2025-05-28,2618.9235347587473,2654.651701089786,2580.2588068114587,2585.153076171875,17204.0
2025-05-29,2593.9627979355737,2627.4395530416327,2566.652870106999,2588.5791015625,10451.0
2025-05-30,2613.539869140097,2615.497576907243,2540.1258278721166,2557.647216796875,17604.0
2025-06-02,2584.1743037903043,2662.482616026374,2554.8086867017782,2647.506103515625,23353.0
2025-06-03,2672.2711920818456,2681.9617502641263,2629.2996007381057,2650.93212890625,9827.0
2025-06-04,2667.3768675759384,2728.8489400628305,2645.940062836896,2655.043212890625,16906.0
2025-06-05,2672.2709816560327,2689.8903507658524,2606.7857553890635,2617.063720703125,15933.0
2025-06-06,2641.9267299020626,2648.8766883247977,2576.2455362832834,2594.256591796875,13918.0
2025-06-09,2593.9628189297755,2624.992439571939,2546.0969591075173,2555.885498046875,13926.0
2025-06-10,2582.216573342443,2618.4341674340544,2555.2980912473267,2574.3857421875,9415.0
2025-06-11,2587.8940553147822,2613.539980360168,2543.3562017168842,2561.8564453125,11122.0
2025-06-12,2575.3645826563175,2603.7513454450036,2546.7820968853785,2562.835205078125,9439.0
2025-06-13,2555.8853868442384,2587.110729111022,2505.8658594491926,2576.832763671875,11587.0
2025-06-16,2583.195403764941,2603.751335359888,2546.09693709669,2594.941650390625,11699.0
2025-06-17,2618.434082257143,2675.207606283653,2594.5501436027052,2630.865478515625,12849.0
2025-06-18,2657.196857515542,2691.8481895277173,2559.4092108073537,2575.85400390625,8038.0
2025-06-19,2579.2800667271085,2589.460051854677,2472.1935439881613,2495.392333984375,12117.0
2025-06-20,2505.6703057156597,2542.768773596279,2472.780718497723,2494.804931640625,6096.0
2025-06-23,2512.717959150491,2512.717959150491,2451.148144484362,2498.62255859375,5689.0
2025-06-24,2522.506480021649,2618.14045748725,2496.175405914525,2599.8359375,12913.0
2025-06-25,2599.835837933046,2807.352855117461,2599.835837933046,2726.597412109375,65219.0
2025-06-26,2741.965335259143,2789.2440236378993,2599.1506552585615,2634.9765625,22669.0
2025-06-27,2648.0934280489764,2691.7501673588486,2576.832818362849,2597.58447265625,12362.0
2025-06-30,2595.9205689474265,2657.5883652685757,2592.984007217848,2615.106201171875,11055.0
2025-07-01,2628.124762752625,2685.9751243232377,2582.118629063415,2665.12548828125,15833.0
2025-07-02,2686.953857624678,2710.446350368938,2627.0480489224155,2699.38525390625,10834.0
2025-07-03,2705.356319107027,2739.8119268401074,2656.7073305453714,2677.458984375,11408.0
2025-07-04,2672.271028664772,2705.062632862673,2647.799682248428,2669.921875,6239.0
2025-07-07,2669.9220449005743,2696.6445657053164,2613.637944561342,2625.48193359375,6922.0
2025-07-08,2639.2837155766388,2666.3979197550543,2584.859345265037,2612.365234375,7126.0
2025-07-09,2637.032426142754,2703.496510854111,2612.9525244330994,2665.419189453125,20029.0
2025-07-10,2669.334512490637,2782.8815617935024,2665.4190969974347,2760.07421875,39176.0
2025-07-11,2750.5794746850993,2838.676326187469,2727.8701118712,2771.820556640625,27260.0
2025-07-14,2759.0952934895063,2818.707636217934,2749.0130510597733,2797.1728515625,16663.0
2025-07-15,2810.9745451477224,2912.090195356889,2791.98487610365,2853.5546875,28679.0
2025-07-16,2848.4648896906647,2884.7804654906386,2803.5355906300456,2826.14697265625,11557.0
2025-07-17,2840.2424427621404,2875.7746465350488,2813.030257783142,2839.067626953125,16311.0
2025-07-18,2854.044164969011,2866.573542230394,2291.4968968281896,2392.612548828125,418472.0
2025-07-21,2432.4519217914553,2432.4519217914553,2349.249340965591,2368.53271484375,63778.0
2025-07-22,2366.966763102981,2407.0017928999882,2353.1648272190205,2394.1787109375,39546.0
2025-07-23,2406.903731110719,2406.903731110719,2354.2415830859277,2369.413818359375,18256.0
2025-07-24,2369.413868573708,2372.4481723059025,2330.455435185814,2340.439697265625,17095.0
2025-07-25,2350.228141992036,2359.0378268224936,2270.940978517919,2353.849853515625,22947.0
2025-07-28,2366.281298662665,2387.424638282939,2183.03989820629,2200.267822265625,73950.0
2025-07-29,2192.6325792774455,2243.826682383851,2131.4542149002846,2223.270751953125,43643.0
2025-07-30,2236.6810940932232,2377.6360514452685,2236.6810940932232,2322.62451171875,58239.0
2025-07-31,2300.20871667219,2334.8602886108997,2236.5832122689726,2308.333251953125,15162.0
2025-08-01,2308.3330572462582,2308.3330572462582,2251.3638120584633,2254.202392578125,14041.0
2025-08-04,2270.7451657143897,2288.0708307333293,2238.638712251176,2254.202392578125,14807.0
2025-08-05,2265.8508959289748,2275.4437112689416,2236.681003967845,2241.77099609375,10670.0
2025-08-06,2253.6152225939068,2269.962033773739,2236.6810035243616,2260.56494140625,9822.0
2025-08-07,2261.152436386197,2270.842994093797,2223.3685814683727,2254.104736328125,13681.0
2025-08-08,2265.06798265028,2265.06798265028,2190.9687883168303,2218.9638671875,23967.0
2025-08-11,2249.406238480669,2299.327786854261,2235.800265005341,2287.875244140625,16831.0
2025-08-12,2290.5180799323325,2339.4607739479807,2285.6238105307675,2314.5,25656.0
2025-08-13,2330.0,2344.0,2205.10009765625,2218.10009765625,52903.0
2025-08-14,2180.0,2197.89990234375,2110.0,2125.0,47420.0
2025-08-18,2178.0,2210.0,2140.199951171875,2201.10009765625,18132.0
2025-08-19,2222.0,2283.699951171875,2157.0,2172.5,33473.0
2025-08-20,2172.5,2194.0,2139.5,2143.60009765625,18475.0
2025-08-21,2150.0,2197.300048828125,2134.60009765625,2178.199951171875,26058.0
2025-08-22,2199.0,2259.89990234375,2157.800048828125,2207.0,18165.0
2025-08-25,2225.0,2243.39990234375,2155.699951171875,2178.10009765625,21729.0
2025-08-26,2182.0,2200.5,2140.0,2150.89990234375,12199.0
2025-08-28,2158.0,2181.10009765625,2115.5,2163.699951171875,14765.0
2025-08-29,2175.0,2200.0,2131.699951171875,2150.199951171875,11997.0
2025-09-01,2157.800048828125,2300.800048828125,2150.39990234375,2287.0,26551.0
2025-09-02,2291.0,2322.300048828125,2262.699951171875,2284.10009765625,12650.0
2025-09-03,2284.10009765625,2303.199951171875,2231.39990234375,2245.39990234375,15228.0
2025-09-04,2254.800048828125,2288.5,2250.60009765625,2262.699951171875,6129.0
2025-09-05,2250.39990234375,2278.0,2240.0,2247.5,5547.0
2025-09-08,2260.0,2273.10009765625,2135.0,2146.199951171875,30178.0
2025-09-09,2168.5,2205.0,2106.0,2117.199951171875,20791.0
2025-09-10,2135.0,2230.0,2120.0,2203.0,20843.0
2025-09-11,2214.60009765625,2225.89990234375,2145.0,2161.800048828125,15435.0
2025-09-12,2184.5,2190.0,2145.10009765625,2179.60009765625,12022.0
2025-09-15,2185.800048828125,2219.60009765625,2162.0,2194.800048828125,10839.0
2025-09-16,2203.60009765625,2345.0,2203.60009765625,2257.0,49106.0
2025-09-17,2275.10009765625,2298.0,2236.10009765625,2279.10009765625,12978.0
2025-09-18,2262.699951171875,2286.300048828125,2230.0,2248.39990234375,9272.0
2025-09-19,2271.5,2288.60009765625,2233.89990234375,2276.199951171875,11958.0
2025-09-22,2271.0,2350.10009765625,2231.0,2284.300048828125,16509.0
2025-09-23,2288.89990234375,2303.10009765625,2246.5,2259.0,6544.0
2025-09-24,2259.0,2270.89990234375,2209.0,2220.199951171875,5198.0
2025-09-25,2240.199951171875,2275.0,2200.0,2214.0,12061.0
2025-09-26,2220.0,2220.0,2161.0,2194.5,7467.0
2025-09-29,2200.0,2210.0,2138.0,2148.89990234375,6755.0
2025-09-30,2142.0,2168.800048828125,2110.5,2128.199951171875,9182.0
2025-10-01,2105.5,2249.60009765625,2101.0,2192.89990234375,13336.0
2025-10-03,2204.39990234375,2210.39990234375,2157.199951171875,2187.300048828125,7783.0
2025-10-06,2189.800048828125,2209.0,2132.5,2147.800048828125,8687.0
2025-10-07,2170.0,2195.800048828125,2133.10009765625,2182.300048828125,7885.0
2025-10-08,2166.0,2194.0,2141.10009765625,2180.699951171875,5938.0
2025-10-09,2203.5,2261.699951171875,2170.39990234375,2235.300048828125,20140.0
2025-10-10,2251.0,2260.0,2195.0,2218.300048828125,6388.0
2025-10-13,2218.300048828125,2230.89990234375,2171.0,2206.199951171875,8698.0
2025-10-14,2214.800048828125,2250.89990234375,2174.5,2205.5,16332.0
2025-10-15,2205.5,2350.0,2205.5,2319.39990234375,30144.0
2025-10-16,2302.10009765625,2331.60009765625,2236.10009765625,2295.89990234375,22110.0
2025-10-17,2295.89990234375,2335.0,2282.60009765625,2296.199951171875,13148.0
2025-10-20,2296.199951171875,2339.699951171875,2284.39990234375,2305.89990234375,5813.0
2025-10-21,2350.0,2350.0,2293.60009765625,2320.60009765625,4639.0
2025-10-23,2320.60009765625,2330.0,2294.800048828125,2314.10009765625,11407.0
2025-10-24,2318.699951171875,2324.5,2260.0,2280.10009765625,5769.0
2025-10-27,2275.0,2320.0,2251.0,2261.0,6697.0
2025-10-28,2257.0,2284.5,2232.10009765625,2248.199951171875,6208.0
2025-10-29,2228.0,2250.0,2145.0,2174.5,17432.0
2025-10-30,2181.0,2210.89990234375,2175.0,2194.5,7611.0
2025-10-31,2200.0,2201.39990234375,2165.5,2172.800048828125,5958.0
2025-11-03,2168.89990234375,2200.0,2148.0,2196.699951171875,5496.0
2025-11-04,2200.0,2314.0,2175.0,2288.199951171875,23257.0
2025-11-06,2309.89990234375,2309.89990234375,2235.0,2270.800048828125,7935.0
2025-11-07,2264.60009765625,2280.0,2206.0,2246.5,9249.0
2025-11-10,2246.5,2284.199951171875,2216.5,2251.89990234375,8499.0
2025-11-11,2260.89990234375,2273.5,2218.0,2243.5,5386.0
2025-11-12,2243.5,2460.0,2224.60009765625,2310.89990234375,194086.0
2025-11-13,2274.0,2410.0,2259.89990234375,2304.5,51200.0
2025-11-14,2295.0,2320.89990234375,2230.0,2243.800048828125,28746.0
2025-11-17,2230.0,2277.10009765625,2180.199951171875,2194.89990234375,45633.0
2025-11-18,2199.89990234375,2244.10009765625,2132.300048828125,2155.10009765625,33034.0
2025-11-19,2151.199951171875,2209.10009765625,2130.0,2138.10009765625,19795.0
2025-11-20,2149.800048828125,2168.0,2080.0,2099.5,29509.0
2025-11-21,2110.0,2139.0,2064.0,2072.800048828125,42113.0
2025-11-24,2072.800048828125,2132.800048828125,2017.699951171875,2030.9000244140625,34967.0
2025-11-25,2049.89990234375,2109.89990234375,2040.0,2078.10009765625,28775.0
2025-11-26,2099.5,2138.39990234375,2090.0,2112.89990234375,20790.0
2025-11-27,2121.39990234375,2161.10009765625,2106.60009765625,2122.60009765625,17074.0
2025-11-28,2123.0,2177.0,2109.89990234375,2160.5,29308.0
2025-12-01,2180.89990234375,2219.0,2171.300048828125,2183.699951171875,20071.0
2025-12-02,2191.300048828125,2197.0,2102.0,2119.5,25405.0
2025-12-03,2124.800048828125,2165.0,2117.60009765625,2144.39990234375,15498.0
2025-12-04,2122.0,2166.5,2100.0,2143.39990234375,7650.0
2025-12-05,2149.699951171875,2163.5,2069.10009765625,2075.800048828125,17404.0
2025-12-08,2066.10009765625,2104.800048828125,2059.89990234375,2075.10009765625,12920.0
2025-12-09,2075.0,2125.0,2050.199951171875,2110.0,15313.0
2025-12-10,2106.0,2109.89990234375,2025.0,2035.800048828125,11277.0
2025-12-11,2038.800048828125,2038.800048828125,1984.0999755859375,1996.4000244140625,25546.0
2025-12-12,2008.300048828125,2025.800048828125,1986.199951171875,1997.800048828125,12358.0
2025-12-15,2018.5,2044.9000244140625,1991.0999755859375,2007.300048828125,11880.0
2025-12-16,2005.0,2021.0,1994.0,2003.699951171875,9056.0
2025-12-17,1992.0,2025.699951171875,1992.0,2016.800048828125,9757.0
2025-12-18,2016.699951171875,2030.0,2000.0,2010.699951171875,3503.0
